endate,agcode1,line,branch,idate,edate,pcategory,ptype,vuse,brand,body,model,color,transmission,fuel,prem
4/8/12,ID00001,MC,HOCOC,4/16/12,4/16/13,CTPL,Basic,Private,Toyota,Sedan,2011,Black,Automatic,Gasoline,447.01
12/27/19,ID00002,MC,HOCOC,1/3/20,1/3/21,Comprehensive,Premium,Private,Mitsubishi,SUV,2018,Silver,Automatic,Diesel,957.88
5/13/16,ID00003,MC,HOCOC,5/20/16,5/20/17,Comprehensive,Basic,Private,Honda,Sedan,2016,White,Automatic,Gasoline,447.01
8/22/13,ID00004,MC,BTARLA,8/29/13,8/29/14,CTPL,Basic,Private,Nissan,Pickup,2011,Black,Manual,Diesel,1211.25
3/15/17,ID00005,MC,IMECA,3/22/17,3/22/18,Comprehensive,Basic,Private,Hyundai,SUV,2015,Silver,Automatic,Gasoline,957.88
9/13/19,ID00006,MC,IMECA,9/20/19,9/20/20,Comprehensive,Premium,Private,Ford,Pickup,2013,Blue,Manual,Diesel,1211.25
9/30/20,ID00007,MC,IMECA,10/6/20,10/6/21,Comprehensive,Premium,Private,Ford,Pickup,2013,Blue,Manual,Diesel,1211.25
6/23/15,ID00008,MC,BTARLA,6/30/15,6/30/16,CTPL,Premium,Private,Kia,Sedan,2015,Yellow,Automatic,Gasoline,447.01
8/15/18,ID00009,MC,BTARLA,8/22/18,8/22/19,Comprehensive,Basic,Private,Kia,Sedan,2015,Yellow,Automatic,Gasoline,447.01
9/16/14,ID00010,MC,IMECA,9/23/14,9/23/15,Comprehensive,Basic,Commercial,Toyota,Van,2013,Silver,Manual,Diesel,848.75
2/7/19,ID00011,MC,IMECA,2/14/19,2/14/20,CTPL,Premium,Private,Mazda,Sedan,2019,White,Automatic,Gasoline,447.01
2/7/19,ID00012,MC,BTARLA,2/14/19,2/14/20,Comprehensive,Premium,Private,Audi,SUV,2018,Black,Automatic,Diesel,957.88
10/16/17,ID00013,MC,BTARLA,10/23/17,10/23/18,Comprehensive,Basic,Private,Honda,Sedan,2017,Black,Automatic,Gasoline,447.01
1/7/14,ID00014,MC,IMECA,1/14/14,1/14/15,CTPL,Premium,Commercial,Nissan,Van,2012,Silver,Manual,Diesel,848.75
10/17/16,ID00015,MC,BTARLA,10/24/16,10/24/17,CTPL,Basic,Private,Suzuki,Hatchback,2013,Red,Automatic,Gasoline,486.92
2/17/18,ID00016,MC,BTARLA,2/24/18,2/24/19,Comprehensive,Basic,Private,Honda,SUV,2017,Silver,Manual,Diesel,957.88
8/24/16,ID00017,MC,IMECA,8/31/16,8/31/17,CTPL,Premium,Private,Hyundai,Sedan,2016,Black,Automatic,Gasoline,447.01
1/6/21,ID00018,MC,IMECA,1/15/21,1/15/22,Comprehensive,Premium,Private,Mazda,Sedan,2019,White,Automatic,Gasoline,447.01
12/10/18,ID00019,MC,HOCOC,12/17/18,12/17/19,Comprehensive,Premium,Commercial,Mitsubishi,MPV,2018,Red,Manual,Gasoline,199.55
5/19/18,ID00020,MC,HOCOC,5/26/18,5/26/19,Comprehensive,Basic,Private,Kia,SUV,2015,White,Automatic,Diesel,957.88
5/25/20,ID00021,MC,HOCOC,5/2/20,5/2/21,CTPL,Basic,Commercial,Honda,Hatchback,2017,Red,Manual,Gasoline,486.92
3/20/18,ID00022,MC,HOCOC,3/27/18,3/27/19,Comprehensive,Basic,Private,Chevrolet,Sedan,2018,Blue,Automatic,Gasoline,447.01
4/19/18,ID00023,MC,BTARLA,4/26/18,4/26/19,CTPL,Premium,Commercial,Toyota,Van,2015,Black,Manual,Diesel,848.75
4/15/19,ID00024,MC,BTARLA,4/22/19,4/22/20,Comprehensive,Basic,Private,Nissan,Sedan,2019,Silver,Automatic,Gasoline,447.01
8/16/14,ID00025,MC,HOCOC,8/23/14,8/23/15,CTPL,Premium,Private,Isuzu,SUV,2012,White,Manual,Diesel,957.88
10/4/16,ID00026,MC,BTARLA,10/11/16,10/11/17,Comprehensive,Premium,Private,Honda,Sedan,2015,Blue,Automatic,Gasoline,447.01
7/18/18,ID00027,MC,BTARLA,7/25/18,7/25/19,Comprehensive,Basic,Private,Kia,SUV,2016,Red,Automatic,Diesel,957.88
7/28/17,ID00028,MC,BGRN,8/4/17,8/4/18,Comprehensive,Premium,Commercial,Toyota,MPV,2017,Black,Manual,Gasoline,199.55
9/24/17,ID00029,MC,BGRN,10/1/17,10/1/18,Comprehensive,Premium,Private,Suzuki,MPV,2016,White,Automatic,Gasoline,199.55
4/18/18,ID00030,MC,HOCOC,4/25/18,4/25/19,CTPL,Basic,Private,Chevrolet,Sedan,2017,Red,Manual,Gasoline,447.01
3/12/17,ID00031,MC,BGRN,3/19/17,3/19/18,Comprehensive,Basic,Private,Mazda,Hatchback,2017,Gray,Manual,Gasoline,486.92
6/7/12,ID00032,MC,BGRN,6/14/12,6/14/13,Comprehensive,Premium,Private,Ford,SUV,2010,Gray,Automatic,Diesel,957.88
11/19/18,ID00033,MC,HOCOC,11/26/18,11/26/19,Comprehensive,Basic,Commercial,Isuzu,Pickup,2017,White,Automatic,Diesel,1211.25
4/15/20,ID00034,MC,HOCOC,4/22/20,4/22/21,CTPL,Premium,Private,MG,Sedan,2020,Black,Automatic,Gasoline,447.01
5/11/19,ID00035,MC,BGRN,5/18/19,5/18/20,Comprehensive,Premium,Private,Audi,SUV,2017,Silver,Automatic,Diesel,957.88
7/27/12,ID00036,MC,BTARLA,8/3/12,8/3/13,Comprehensive,Basic,Private,Hyundai,MPV,2010,Red,Manual,Gasoline,199.55
9/15/12,ID00037,MC,BTARLA,9/22/12,9/22/13,CTPL,Premium,Commercial,Nissan,Van,2012,White,Manual,Diesel,848.75
5/30/15,ID00038,MC,BGRN,6/6/15,6/5/16,Comprehensive,Basic,Private,Mitsubishi,MPV,2015,Gray,Automatic,Gasoline,199.55
2/10/18,ID00039,MC,HOCOC,2/17/18,2/17/19,CTPL,Basic,Commercial,Kia,Hatchback,2016,Yellow,Automatic,Gasoline,486.92
10/3/19,ID00040,MC,HOCOC,10/10/19,10/9/20,Comprehensive,Premium,Private,Mitsubishi,MPV,2017,Black,Manual,Diesel,199.55
10/4/17,ID00041,MC,BTARLA,10/11/17,10/11/18,CTPL,Premium,Commercial,Suzuki,MPV,2017,Yellow,Manual,Diesel,199.55
4/22/18,ID00042,MC,BGRN,4/29/18,4/29/19,Comprehensive,Premium,Private,Audi,Sedan,2018,Black,Automatic,Gasoline,447.01
8/18/18,ID00043,MC,BTARLA,8/25/18,8/25/19,CTPL,Basic,Commercial,Mitsubishi,MPV,2016,Gray,Manual,Diesel,199.55
4/30/19,ID00044,MC,HOCOC,5/7/19,5/7/20,Comprehensive,Premium,Private,Ford,SUV,2018,Blue,Automatic,Diesel,957.88
6/16/20,ID00045,MC,HOCOC,6/23/20,6/23/21,Comprehensive,Basic,Private,Ford,SUV,2018,Blue,Automatic,Diesel,957.88
10/22/17,ID00046,MC,HOCOC,10/29/17,10/29/18,CTPL,Premium,Private,Mazda,Hatchback,2017,Silver,Automatic,Gasoline,486.92
3/19/19,ID00047,MC,HOCOC,3/26/19,3/25/20,CTPL,Basic,Commercial,Chevrolet,Sedan,2018,Red,Manual,Gasoline,447.01
6/26/19,ID00048,MC,HOCOC,7/3/19,7/3/20,Comprehensive,Basic,Private,MG,Sedan,2019,White,Automatic,Gasoline,447.01
2/8/15,ID00049,MC,HOCOC,2/15/15,2/15/16,Comprehensive,Premium,Commercial,Nissan,Van,2014,Silver,Manual,Diesel,848.75
10/30/12,ID00050,MC,BGRN,11/6/12,11/6/13,CTPL,Premium,Private,Ford,Hatchback,2011,Black,Automatic,Gasoline,486.92
4/26/18,ID00051,MC,BGRN,5/3/18,5/3/19,Comprehensive,Basic,Private,MG,Sedan,2018,Gray,Manual,Gasoline,447.01
1/3/13,ID00052,MC,BGRN,1/11/13,1/11/14,Comprehensive,Premium,Private,Suzuki,MPV,2012,Silver,Automatic,Diesel,199.55
8/21/12,ID00053,MC,BGRN,8/29/12,8/29/13,Comprehensive,Premium,Private,Ford,Pickup,2012,Silver,Automatic,Diesel,1211.25
9/24/13,ID00054,MC,IMECA,10/1/13,10/1/14,CTPL,Premium,Private,Kia,Hatchback,2013,White,Manual,Gasoline,486.92
7/19/13,ID00055,MC,IMECA,7/26/13,7/26/14,Comprehensive,Basic,Commercial,Isuzu,Pickup,2011,Black,Automatic,Diesel,1211.25
6/25/17,ID00056,MC,BTARLA,7/2/17,7/2/18,Comprehensive,Premium,Private,Toyota,SUV,2017,Silver,Automatic,Diesel,957.88
8/23/19,ID00057,MC,BTARLA,8/30/19,8/29/20,Comprehensive,Premium,Private,MG,Sedan,2019,Red,Manual,Gasoline,447.01
3/22/13,ID00058,MC,BGRN,3/29/13,3/29/14,CTPL,Premium,Private,Toyota,Sedan,2012,Black,Automatic,Gasoline,447.01
5/23/19,ID00059,MC,BGRN,5/30/19,5/30/20,CTPL,Basic,Commercial,Kia,MPV,2017,Blue,Automatic,Gasoline,199.55
3/27/20,ID00060,MC,HOCOC,4/3/20,4/3/21,Comprehensive,Premium,Private,Audi,Sedan,2020,Silver,Automatic,Gasoline,447.01
6/2/20,ID00061,MC,HOCOC,6/9/20,6/9/21,Comprehensive,Basic,Commercial,Isuzu,Pickup,2019,Black,Manual,Diesel,1211.25
8/31/17,ID00062,MC,HOCOC,9/7/17,9/7/18,Comprehensive,Premium,Private,Mitsubishi,MPV,2017,Silver,Automatic,Gasoline,199.55
7/25/20,ID00063,MC,HOCOC,8/1/20,8/1/21,CTPL,Premium,Commercial,Nissan,Van,2017,White,Manual,Diesel,848.75
11/25/20,ID00064,MC,HOCOC,12/2/20,12/2/21,CTPL,Premium,Commercial,Nissan,Van,2017,White,Manual,Diesel,848.75
5/14/18,ID00065,MC,HOCOC,5/21/18,5/21/19,Comprehensive,Basic,Private,Audi,MPV,2018,Black,Automatic,Gasoline,199.55
3/29/20,ID00066,MC,HOCOC,4/5/20,4/5/21,CTPL,Basic,Private,Chevrolet,Sedan,2020,Blue,Manual,Gasoline,447.01
12/27/16,ID00067,MC,BTARLA,1/3/17,1/3/18,Comprehensive,Basic,Private,Suzuki,Hatchback,2014,Yellow,Automatic,Gasoline,486.92
10/3/17,ID00068,MC,BTARLA,10/10/17,10/10/18,CTPL,Premium,Private,MG,Sedan,2017,Red,Automatic,Gasoline,447.01
11/13/20,ID00069,MC,BTARLA,11/20/20,11/20/21,Comprehensive,Basic,Private,Nissan,Sedan,2016,Black,Manual,Gasoline,447.01
2/23/12,ID00070,MC,IMECA,3/1/12,3/1/13,Comprehensive,Premium,Private,Mazda,Hatchback,2010,White,Automatic,Gasoline,486.92
8/12/17,ID00071,MC,IMECA,8/19/17,8/19/18,CTPL,Premium,Commercial,Toyota,Van,2014,Silver,Manual,Diesel,848.75
3/3/19,ID00072,MC,HOCOC,3/10/19,3/9/20,Comprehensive,Basic,Private,Audi,Sedan,2017,Silver,Automatic,Gasoline,447.01
10/20/19,ID00073,MC,HOCOC,10/27/19,10/26/20,Comprehensive,Premium,Private,MG,Sedan,2019,White,Automatic,Gasoline,447.01
5/12/16,ID00074,MC,HOCOC,5/19/16,5/19/17,CTPL,Basic,Private,Chevrolet,Sedan,2015,Blue,Manual,Gasoline,447.01
5/7/20,ID00075,MC,HOCOC,5/14/20,5/14/21,Comprehensive,Basic,Commercial,Mitsubishi,SUV,2018,White,Automatic,Diesel,957.88
6/30/20,ID00076,MC,HOCOC,7/7/20,7/7/21,Comprehensive,Premium,Private,Kia,MPV,2017,Blue,Automatic,Diesel,199.55
2/21/14,ID00077,MC,HOCOC,2/28/14,2/28/15,Comprehensive,Basic,Commercial,Nissan,Pickup,2012,White,Manual,Gasoline,1211.25
3/20/16,ID00078,MC,HOCOC,3/27/16,3/27/17,Comprehensive,Basic,Commercial,Nissan,Pickup,2012,White,Manual,Gasoline,1211.25
2/1/12,ID00079,MC,HOCOC,2/9/12,2/8/13,Comprehensive,Basic,Commercial,Toyota,Sedan,2011,Black,Automatic,Gasoline,447.01
10/21/19,ID00080,MC,HOCOC,10/28/19,10/28/20,CTPL,Premium,Commercial,Mitsubishi,SUV,2018,Silver,Automatic,Diesel,957.88
3/7/16,ID00081,MC,HOCOC,3/14/16,3/14/17,CTPL,Basic,Commercial,Honda,Sedan,2016,White,Automatic,Gasoline,447.01
6/16/13,ID00082,MC,IMECA,6/23/13,6/23/14,Comprehensive,Basic,Commercial,Nissan,Pickup,2011,Black,Manual,Diesel,1211.25
1/7/17,ID00083,MC,IMECA,1/14/17,1/14/18,CTPL,Basic,Commercial,Hyundai,SUV,2015,Silver,Automatic,Gasoline,957.88
7/8/19,ID00084,MC,IMECA,7/15/19,7/15/20,CTPL,Premium,Commercial,Ford,Pickup,2013,Blue,Manual,Diesel,1211.25
7/25/20,ID00085,MC,IMECA,7/31/20,7/31/21,CTPL,Premium,Commercial,Ford,Pickup,2013,Blue,Manual,Diesel,1211.25
4/17/15,ID00086,MC,IMECA,4/24/15,4/24/16,Comprehensive,Premium,Commercial,Kia,Sedan,2015,Yellow,Automatic,Gasoline,447.01
6/9/18,ID00087,MC,IMECA,6/16/18,6/16/19,CTPL,Basic,Commercial,Kia,Sedan,2015,Yellow,Automatic,Gasoline,447.01
7/11/14,ID00088,MC,BCDO,7/18/14,7/18/15,CTPL,Basic,Private,Toyota,Van,2013,Silver,Manual,Diesel,848.75
12/2/18,ID00089,MC,BTARLA,12/9/18,12/9/19,Comprehensive,Premium,Commercial,Mazda,Sedan,2018,White,Automatic,Gasoline,447.01
12/2/18,ID00090,MC,BTARLA,12/9/18,12/9/19,CTPL,Premium,Commercial,Audi,SUV,2018,Black,Automatic,Diesel,957.88
8/10/17,ID00091,MC,BTARLA,8/17/17,8/17/18,CTPL,Basic,Commercial,Honda,Sedan,2017,Black,Automatic,Gasoline,447.01
11/1/13,ID00092,MC,BCDO,11/8/13,11/8/14,Comprehensive,Premium,Private,Nissan,Van,2012,Silver,Manual,Diesel,848.75
8/11/16,ID00093,MC,BGRN,8/18/16,8/18/17,Comprehensive,Basic,Commercial,Suzuki,Hatchback,2013,Red,Automatic,Gasoline,486.92
3/28/18,ID00094,MC,BGRN,4/4/18,4/4/19,Comprehensive,Premium,Commercial,Hyundai,Sedan,2019,Black,Automatic,Gasoline,447.01
12/12/17,ID00095,MC,BGRN,12/19/17,12/19/18,CTPL,Basic,Commercial,Honda,SUV,2017,Silver,Manual,Diesel,957.88
6/18/16,ID00096,MC,BGRN,6/25/16,6/25/17,Comprehensive,Premium,Commercial,Hyundai,Sedan,2016,Black,Automatic,Gasoline,447.01
10/31/20,ID00097,MC,BGRN,11/9/20,11/9/21,CTPL,Premium,Commercial,Mazda,Sedan,2019,White,Automatic,Gasoline,447.01
10/4/18,ID00098,MC,BCDO,10/11/18,10/11/19,CTPL,Premium,Private,Mitsubishi,MPV,2018,Red,Manual,Gasoline,199.55
3/13/18,ID00099,MC,HOCOC,3/20/18,3/20/19,CTPL,Basic,Commercial,Kia,SUV,2015,White,Automatic,Diesel,957.88
3/19/20,ID00100,MC,BTARLA,2/25/20,2/24/21,Comprehensive,Basic,Private,Honda,Hatchback,2017,Red,Manual,Gasoline,486.92
1/12/18,ID00101,MC,IMECA,1/19/18,1/19/19,CTPL,Basic,Commercial,Chevrolet,Sedan,2018,Blue,Automatic,Gasoline,447.01
2/11/18,ID00102,MC,BTARLA,2/18/18,2/18/19,Comprehensive,Premium,Private,Toyota,Van,2015,Black,Manual,Diesel,848.75
2/7/19,ID00103,MC,IMECA,2/14/19,2/15/20,CTPL,Basic,Commercial,Nissan,Sedan,2019,Silver,Automatic,Gasoline,447.01
6/10/14,ID00104,MC,IMECA,6/17/14,6/17/15,Comprehensive,Premium,Commercial,Isuzu,SUV,2012,White,Manual,Diesel,957.88
7/29/16,ID00105,MC,IMECA,8/5/16,8/5/17,CTPL,Premium,Commercial,Honda,Sedan,2015,Blue,Automatic,Gasoline,447.01
5/12/18,ID00106,MC,IMECA,5/19/18,5/19/19,CTPL,Basic,Commercial,Kia,SUV,2016,Red,Automatic,Diesel,957.88
5/22/17,ID00107,MC,BGRN,5/29/17,5/29/18,CTPL,Premium,Private,Toyota,MPV,2017,Black,Manual,Gasoline,199.55
7/19/17,ID00108,MC,BCDO,7/26/17,7/26/18,CTPL,Premium,Commercial,Suzuki,MPV,2016,White,Automatic,Gasoline,199.55
2/10/18,ID00109,MC,BCDO,2/17/18,2/17/19,Comprehensive,Basic,Commercial,Chevrolet,Sedan,2017,Red,Manual,Gasoline,447.01
1/4/17,ID00110,MC,BTARLA,1/11/17,1/11/18,CTPL,Basic,Commercial,Mazda,Hatchback,2017,Gray,Manual,Gasoline,486.92
4/1/12,ID00111,MC,BTARLA,4/8/12,4/8/13,CTPL,Premium,Commercial,Ford,SUV,2010,Gray,Automatic,Diesel,957.88
9/13/18,ID00112,MC,IMECA,9/20/18,9/20/19,CTPL,Basic,Private,Isuzu,Pickup,2017,White,Automatic,Diesel,1211.25
2/8/20,ID00113,MC,IMECA,2/15/20,2/14/21,Comprehensive,Premium,Commercial,MG,Sedan,2020,Black,Automatic,Gasoline,447.01
3/5/19,ID00114,MC,IMECA,3/12/19,3/12/20,CTPL,Premium,Commercial,Audi,SUV,2017,Silver,Automatic,Diesel,957.88
5/21/12,ID00115,MC,BTARLA,5/28/12,5/28/13,CTPL,Basic,Private,Hyundai,MPV,2010,Red,Manual,Gasoline,199.55
7/10/12,ID00116,MC,BTARLA,7/17/12,7/17/13,Comprehensive,Premium,Private,Nissan,Van,2012,White,Manual,Diesel,848.75
3/24/15,ID00117,MC,IMECA,3/31/15,3/30/16,CTPL,Basic,Commercial,Mitsubishi,MPV,2015,Gray,Automatic,Gasoline,199.55
12/5/17,ID00118,MC,HOCOC,12/12/17,12/12/18,Comprehensive,Basic,Private,Kia,Hatchback,2016,Yellow,Automatic,Gasoline,486.92
7/28/19,ID00119,MC,IMECA,8/4/19,8/3/20,CTPL,Premium,Commercial,Mitsubishi,MPV,2017,Black,Manual,Diesel,199.55
7/29/17,ID00120,MC,HOCOC,8/5/17,8/5/18,Comprehensive,Premium,Private,Suzuki,MPV,2017,Yellow,Manual,Diesel,199.55
2/14/18,ID00121,MC,IMECA,2/21/18,2/21/19,CTPL,Premium,Commercial,Audi,Sedan,2018,Black,Automatic,Gasoline,447.01
6/12/18,ID00122,MC,IMECA,6/19/18,6/19/19,Comprehensive,Basic,Private,Mitsubishi,MPV,2016,Gray,Manual,Diesel,199.55
2/22/19,ID00123,MC,HOCOC,3/1/19,3/1/20,CTPL,Premium,Commercial,Ford,SUV,2018,Blue,Automatic,Diesel,957.88
8/16/17,ID00124,MC,HOCOC,8/23/17,8/23/18,Comprehensive,Premium,Commercial,Mazda,Hatchback,2017,Silver,Automatic,Gasoline,486.92
1/11/19,ID00125,MC,HOCOC,1/18/19,1/18/20,Comprehensive,Basic,Private,Chevrolet,Sedan,2018,Red,Manual,Gasoline,447.01
4/20/19,ID00126,MC,IMECA,4/27/19,4/27/20,CTPL,Basic,Commercial,MG,Sedan,2019,White,Automatic,Gasoline,447.01
12/3/14,ID00127,MC,HOCOC,12/10/14,12/10/15,CTPL,Premium,Private,Nissan,Van,2014,Silver,Manual,Diesel,848.75
8/24/12,ID00128,MC,IMECA,8/31/12,8/31/13,Comprehensive,Premium,Commercial,Ford,Hatchback,2011,Black,Automatic,Gasoline,486.92
2/18/18,ID00129,MC,IMECA,2/25/18,2/25/19,CTPL,Basic,Commercial,MG,Sedan,2018,Gray,Manual,Gasoline,447.01
10/28/12,ID00130,MC,IMECA,11/5/12,11/5/13,CTPL,Premium,Commercial,Suzuki,MPV,2012,Silver,Automatic,Diesel,199.55
6/15/12,ID00131,MC,IMECA,6/23/12,6/23/13,CTPL,Premium,Commercial,Ford,Pickup,2012,Silver,Automatic,Diesel,1211.25
7/19/13,ID00132,MC,IMECA,7/26/13,7/26/14,Comprehensive,Premium,Commercial,Kia,Hatchback,2013,White,Manual,Gasoline,486.92
5/13/13,ID00133,MC,HOCOC,5/20/13,5/20/14,CTPL,Basic,Private,Isuzu,Pickup,2011,Black,Automatic,Diesel,1211.25
4/19/17,ID00134,MC,IMECA,4/26/17,4/26/18,CTPL,Premium,Commercial,Toyota,SUV,2017,Silver,Automatic,Diesel,957.88
6/17/19,ID00135,MC,IMECA,6/24/19,6/23/20,CTPL,Premium,Commercial,MG,Sedan,2019,Red,Manual,Gasoline,447.01
1/14/13,ID00136,MC,IMECA,1/21/13,1/21/14,Comprehensive,Premium,Commercial,Toyota,Sedan,2012,Black,Automatic,Gasoline,447.01
3/17/19,ID00137,MC,HOCOC,3/24/19,3/24/20,Comprehensive,Basic,Private,Kia,MPV,2017,Blue,Automatic,Gasoline,199.55
1/20/20,ID00138,MC,BTARLA,1/27/20,1/26/21,CTPL,Premium,Commercial,Audi,Sedan,2020,Silver,Automatic,Gasoline,447.01
3/27/20,ID00139,MC,BCDO,4/3/20,4/3/21,CTPL,Basic,Private,Isuzu,Pickup,2019,Black,Manual,Diesel,1211.25
6/25/17,ID00140,MC,IMECA,7/2/17,7/2/18,CTPL,Premium,Commercial,Mitsubishi,MPV,2017,Silver,Automatic,Gasoline,199.55
5/19/20,ID00141,MC,BCDO,5/26/20,5/26/21,Comprehensive,Premium,Private,Nissan,Van,2017,White,Manual,Diesel,848.75
3/8/18,ID00142,MC,BTARLA,3/15/18,3/15/19,CTPL,Basic,Commercial,Audi,MPV,2018,Black,Automatic,Gasoline,199.55
1/22/20,ID00143,MC,IMECA,1/29/20,1/28/21,Comprehensive,Basic,Commercial,Chevrolet,Sedan,2020,Blue,Manual,Gasoline,447.01
10/21/16,ID00144,MC,IMECA,10/28/16,10/28/17,CTPL,Basic,Commercial,Suzuki,Hatchback,2014,Yellow,Automatic,Gasoline,486.92
7/28/17,ID00145,MC,IMECA,8/4/17,8/4/18,Comprehensive,Premium,Commercial,MG,Sedan,2017,Red,Automatic,Gasoline,447.01
9/7/20,ID00146,MC,IMECA,9/14/20,9/14/21,CTPL,Basic,Commercial,Nissan,Sedan,2016,Black,Manual,Gasoline,447.01
12/31/12,ID00147,MC,IMECA,1/7/13,1/7/14,CTPL,Premium,Commercial,Mazda,Hatchback,2010,White,Automatic,Gasoline,486.92
6/6/17,ID00148,MC,IMECA,6/13/17,6/13/18,Comprehensive,Premium,Private,Toyota,Van,2014,Silver,Manual,Diesel,848.75
12/26/18,ID00149,MC,IMECA,1/2/19,1/2/20,CTPL,Basic,Commercial,Audi,Sedan,2017,Silver,Automatic,Gasoline,447.01
3/6/16,ID00150,MC,IMECA,3/13/16,3/13/17,Comprehensive,Basic,Commercial,Chevrolet,Sedan,2015,Blue,Manual,Gasoline,447.01
3/1/20,ID00151,MC,IMECA,3/8/20,3/8/21,CTPL,Basic,Private,Mitsubishi,SUV,2018,White,Automatic,Diesel,957.88
4/24/20,ID00152,MC,IMECA,5/1/20,5/1/21,CTPL,Premium,Commercial,Kia,MPV,2017,Blue,Automatic,Diesel,199.55
12/16/13,ID00153,MC,BTARLA,12/23/13,12/23/14,CTPL,Basic,Private,Nissan,Pickup,2012,White,Manual,Gasoline,1211.25
3/20/12,ID00154,MC,BTARLA,3/27/12,4/27/13,CTPL,Premium,Private,Toyota,MPV,2012,Black,Automatic,Gasoline,199.55
10/16/12,ID00155,MC,IMECA,10/23/12,11/23/13,Comprehensive,Basic,Private,Honda,Sedan,2011,White,Automatic,Gasoline,447.01
4/30/12,ID00156,MC,BTARLA,5/7/12,5/7/13,CTPL,Premium,Private,Toyota,MPV,2012,Black,Automatic,Gasoline,199.55
9/14/12,ID00157,MC,BTARLA,9/21/12,9/21/13,Comprehensive,Basic,Private,Nissan,Sedan,2010,White,Manual,Gasoline,447.01
5/26/12,ID00158,MC,HOCOC,6/2/12,6/2/13,CTPL,Premium,Commercial,Nissan,Van,2012,Black,Automatic,Diesel,848.75
11/17/12,ID00159,MC,BTARLA,11/24/12,11/24/13,Comprehensive,Premium,Private,Kia,Hatchback,2012,White,Manual,Gasoline,486.92
5/26/12,ID00160,MC,BTARLA,6/2/12,6/2/13,Comprehensive,Premium,Private,Hyundai,Sedan,2012,Blue,Automatic,Gasoline,447.01
12/16/12,ID00161,MC,BGRN,12/23/12,12/23/13,Comprehensive,Basic,Private,Suzuki,Hatchback,2012,Yellow,Manual,Gasoline,486.92
10/21/14,ID00162,MC,IMECA,10/28/14,10/28/15,CTPL,Premium,Commercial,Mitsubishi,SUV,2014,Black,Automatic,Diesel,957.88
10/16/12,ID00163,MC,BGRN,10/23/12,10/23/13,Comprehensive,Premium,Private,Mazda,Sedan,2012,White,Automatic,Gasoline,447.01
5/12/13,ID00164,MC,BGRN,5/19/13,5/19/14,CTPL,Premium,Commercial,Isuzu,Pickup,2013,Black,Automatic,Diesel,1211.25
9/9/12,ID00165,MC,BCDO,9/16/12,10/17/13,Comprehensive,Basic,Private,Suzuki,Sedan,2012,Yellow,Automatic,Gasoline,447.01
5/27/18,ID00166,MC,BCDO,6/3/18,6/3/19,CTPL,Premium,Commercial,Toyota,Van,2018,Black,Automatic,Diesel,848.75
5/31/12,ID00167,MC,HOCOC,6/8/12,6/8/13,CTPL,Basic,Private,Toyota,Sedan,2011,Black,Automatic,Gasoline,447.01
7/5/16,ID00168,MC,HOCOC,7/12/16,7/12/17,Comprehensive,Basic,Private,Honda,Sedan,2016,White,Automatic,Gasoline,447.01
10/14/13,ID00169,MC,IMECA,10/21/13,10/21/14,CTPL,Basic,Private,Nissan,Pickup,2011,Black,Manual,Diesel,1211.25
5/7/17,ID00170,MC,IMECA,5/14/17,5/14/18,Comprehensive,Basic,Private,Hyundai,SUV,2015,Silver,Automatic,Gasoline,957.88
11/5/19,ID00171,MC,IMECA,11/12/19,11/12/20,Comprehensive,Premium,Private,Ford,Pickup,2013,Blue,Manual,Diesel,1211.25
8/15/15,ID00172,MC,BGRN,8/22/15,8/22/16,CTPL,Premium,Private,Kia,Sedan,2015,Yellow,Automatic,Gasoline,447.01
11/8/14,ID00173,MC,IMECA,11/15/14,11/15/15,Comprehensive,Basic,Commercial,Toyota,Van,2013,Silver,Manual,Diesel,848.75
4/1/19,ID00174,MC,IMECA,4/8/19,4/7/20,CTPL,Premium,Private,Mazda,Sedan,2019,White,Automatic,Gasoline,447.01
4/1/19,ID00175,MC,BGRN,4/8/19,4/7/20,Comprehensive,Premium,Private,Audi,SUV,2018,Black,Automatic,Diesel,957.88
12/8/17,ID00176,MC,BGRN,12/15/17,12/15/18,Comprehensive,Basic,Private,Honda,Sedan,2017,Black,Automatic,Gasoline,447.01
3/1/14,ID00177,MC,BCDO,3/8/14,3/8/15,CTPL,Premium,Commercial,Nissan,Van,2012,Silver,Manual,Diesel,848.75
12/9/16,ID00178,MC,BCDO,12/16/16,12/16/17,CTPL,Basic,Private,Suzuki,Hatchback,2013,Red,Automatic,Gasoline,486.92
7/26/18,ID00179,MC,BCDO,8/2/18,8/2/19,CTPL,Premium,Private,Hyundai,Sedan,2019,Black,Automatic,Gasoline,447.01
4/11/18,ID00180,MC,IMECA,4/18/18,4/18/19,Comprehensive,Basic,Private,Honda,SUV,2017,Silver,Manual,Diesel,957.88
10/16/16,ID00181,MC,BCDO,10/23/16,10/23/17,CTPL,Premium,Private,Hyundai,Sedan,2016,Black,Automatic,Gasoline,447.01
2/28/21,ID00182,MC,BCDO,3/9/21,3/9/22,Comprehensive,Premium,Private,Mazda,Sedan,2019,White,Automatic,Gasoline,447.01
2/1/19,ID00183,MC,IMECA,2/8/19,2/8/20,Comprehensive,Premium,Commercial,Mitsubishi,MPV,2018,Red,Manual,Gasoline,199.55
7/11/18,ID00184,MC,IMECA,7/18/18,7/18/19,Comprehensive,Basic,Private,Kia,SUV,2015,White,Automatic,Diesel,957.88
7/17/20,ID00185,MC,IMECA,6/24/20,6/24/21,CTPL,Basic,Commercial,Honda,Hatchback,2017,Red,Manual,Gasoline,486.92
5/12/18,ID00186,MC,IMECA,5/19/18,5/19/19,Comprehensive,Basic,Private,Chevrolet,Sedan,2018,Blue,Automatic,Gasoline,447.01
6/11/18,ID00187,MC,IMECA,6/18/18,6/18/19,CTPL,Premium,Commercial,Toyota,Van,2015,Black,Manual,Diesel,848.75
6/7/19,ID00188,MC,IMECA,6/14/19,6/14/20,Comprehensive,Basic,Private,Nissan,Sedan,2019,Silver,Automatic,Gasoline,447.01
10/8/14,ID00189,MC,IMECA,10/15/14,10/15/15,CTPL,Premium,Private,Isuzu,SUV,2012,White,Manual,Diesel,957.88
11/26/16,ID00190,MC,IMECA,12/3/16,12/3/17,Comprehensive,Premium,Private,Honda,Sedan,2015,Blue,Automatic,Gasoline,447.01
9/9/18,ID00191,MC,IMECA,9/16/18,9/16/19,Comprehensive,Basic,Private,Kia,SUV,2016,Red,Automatic,Diesel,957.88
9/19/17,ID00192,MC,BTARLA,9/26/17,9/26/18,Comprehensive,Premium,Commercial,Toyota,MPV,2017,Black,Manual,Gasoline,199.55
11/16/17,ID00193,MC,IMECA,11/23/17,11/23/18,Comprehensive,Premium,Private,Suzuki,MPV,2016,White,Automatic,Gasoline,199.55
6/10/18,ID00194,MC,BTARLA,6/17/18,6/17/19,CTPL,Basic,Private,Chevrolet,Sedan,2017,Red,Manual,Gasoline,447.01
5/4/17,ID00195,MC,BTARLA,5/11/17,5/11/18,Comprehensive,Basic,Private,Mazda,Hatchback,2017,Gray,Manual,Gasoline,486.92
7/30/12,ID00196,MC,BTARLA,8/6/12,8/6/13,Comprehensive,Premium,Private,Ford,SUV,2010,Gray,Automatic,Diesel,957.88
1/11/19,ID00197,MC,BTARLA,1/18/19,1/18/20,Comprehensive,Basic,Commercial,Isuzu,Pickup,2017,White,Automatic,Diesel,1211.25
6/7/20,ID00198,MC,BTARLA,6/14/20,6/14/21,CTPL,Premium,Private,MG,Sedan,2020,Black,Automatic,Gasoline,447.01
7/3/19,ID00199,MC,BTARLA,7/10/19,7/10/20,Comprehensive,Premium,Private,Audi,SUV,2017,Silver,Automatic,Diesel,957.88
9/18/12,ID00200,MC,IMECA,9/25/12,9/25/13,Comprehensive,Basic,Private,Hyundai,MPV,2010,Red,Manual,Gasoline,199.55
11/7/12,ID00201,MC,IMECA,11/14/12,11/14/13,CTPL,Premium,Commercial,Nissan,Van,2012,White,Manual,Diesel,848.75
7/22/15,ID00202,MC,IMECA,7/29/15,7/28/16,Comprehensive,Basic,Private,Mitsubishi,MPV,2015,Gray,Automatic,Gasoline,199.55
4/4/18,ID00203,MC,IMECA,4/11/18,4/11/19,CTPL,Basic,Commercial,Kia,Hatchback,2016,Yellow,Automatic,Gasoline,486.92
11/25/19,ID00204,MC,IMECA,12/2/19,12/1/20,Comprehensive,Premium,Private,Mitsubishi,MPV,2017,Black,Manual,Diesel,199.55
11/26/17,ID00205,MC,IMECA,12/3/17,12/3/18,CTPL,Premium,Commercial,Suzuki,MPV,2017,Yellow,Manual,Diesel,199.55
6/14/18,ID00206,MC,BCDO,6/21/18,6/21/19,Comprehensive,Premium,Private,Audi,Sedan,2018,Black,Automatic,Gasoline,447.01
10/10/18,ID00207,MC,BCDO,10/17/18,10/17/19,CTPL,Basic,Commercial,Mitsubishi,MPV,2016,Gray,Manual,Diesel,199.55
6/22/19,ID00208,MC,BCDO,6/29/19,6/29/20,Comprehensive,Premium,Private,Ford,SUV,2018,Blue,Automatic,Diesel,957.88
12/14/17,ID00209,MC,BGRN,12/21/17,12/21/18,CTPL,Premium,Private,Mazda,Hatchback,2017,Silver,Automatic,Gasoline,486.92
5/11/19,ID00210,MC,BGRN,5/18/19,5/17/20,CTPL,Basic,Commercial,Chevrolet,Sedan,2018,Red,Manual,Gasoline,447.01
8/18/19,ID00211,MC,BGRN,8/25/19,8/25/20,Comprehensive,Basic,Private,MG,Sedan,2019,White,Automatic,Gasoline,447.01
4/2/15,ID00212,MC,BGRN,4/9/15,4/8/16,Comprehensive,Premium,Commercial,Nissan,Van,2014,Silver,Manual,Diesel,848.75
12/22/12,ID00213,MC,BTARLA,12/29/12,12/29/13,CTPL,Premium,Private,Ford,Hatchback,2011,Black,Automatic,Gasoline,486.92
6/18/18,ID00214,MC,BTARLA,6/25/18,6/25/19,Comprehensive,Basic,Private,MG,Sedan,2018,Gray,Manual,Gasoline,447.01
2/25/13,ID00215,MC,BTARLA,3/5/13,3/5/14,Comprehensive,Premium,Private,Suzuki,MPV,2012,Silver,Automatic,Diesel,199.55
10/13/12,ID00216,MC,BTARLA,10/21/12,10/21/13,Comprehensive,Premium,Private,Ford,Pickup,2012,Silver,Automatic,Diesel,1211.25
11/16/13,ID00217,MC,IMECA,11/23/13,11/23/14,CTPL,Premium,Private,Kia,Hatchback,2013,White,Manual,Gasoline,486.92
9/10/13,ID00218,MC,IMECA,9/17/13,9/17/14,Comprehensive,Basic,Commercial,Isuzu,Pickup,2011,Black,Automatic,Diesel,1211.25
8/17/17,ID00219,MC,IMECA,8/24/17,8/24/18,Comprehensive,Premium,Private,Toyota,SUV,2017,Silver,Automatic,Diesel,957.88
10/15/19,ID00220,MC,IMECA,10/22/19,10/21/20,Comprehensive,Premium,Private,MG,Sedan,2019,Red,Manual,Gasoline,447.01
5/14/13,ID00221,MC,IMECA,5/21/13,5/21/14,CTPL,Premium,Private,Toyota,Sedan,2012,Black,Automatic,Gasoline,447.01
7/15/19,ID00222,MC,IMECA,7/22/19,7/22/20,CTPL,Basic,Commercial,Kia,MPV,2017,Blue,Automatic,Gasoline,199.55
5/19/20,ID00223,MC,BTARLA,5/26/20,5/26/21,Comprehensive,Premium,Private,Audi,Sedan,2020,Silver,Automatic,Gasoline,447.01
7/25/20,ID00224,MC,BTARLA,8/1/20,8/1/21,Comprehensive,Basic,Commercial,Isuzu,Pickup,2019,Black,Manual,Diesel,1211.25
10/23/17,ID00225,MC,IMECA,10/30/17,10/30/18,Comprehensive,Premium,Private,Mitsubishi,MPV,2017,Silver,Automatic,Gasoline,199.55
9/16/20,ID00226,MC,BCDO,9/23/20,9/23/21,CTPL,Premium,Commercial,Nissan,Van,2017,White,Manual,Diesel,848.75
1/17/21,ID00227,MC,BTARLA,1/24/21,1/24/22,CTPL,Premium,Commercial,Nissan,Van,2017,White,Manual,Diesel,848.75
7/6/18,ID00228,MC,BTARLA,7/13/18,7/13/19,Comprehensive,Basic,Private,Audi,MPV,2018,Black,Automatic,Gasoline,199.55
5/21/20,ID00229,MC,BTARLA,5/28/20,5/28/21,CTPL,Basic,Private,Chevrolet,Sedan,2020,Blue,Manual,Gasoline,447.01
2/18/17,ID00230,MC,BCDO,2/25/17,2/25/18,Comprehensive,Basic,Private,Suzuki,Hatchback,2014,Yellow,Automatic,Gasoline,486.92
11/25/17,ID00231,MC,BTARLA,12/2/17,12/2/18,CTPL,Premium,Private,MG,Sedan,2017,Red,Automatic,Gasoline,447.01
1/5/21,ID00232,MC,BTARLA,1/12/21,1/12/22,Comprehensive,Basic,Private,Nissan,Sedan,2016,Black,Manual,Gasoline,447.01
4/16/12,ID00233,MC,IMECA,4/23/12,4/23/13,Comprehensive,Premium,Private,Mazda,Hatchback,2010,White,Automatic,Gasoline,486.92
10/4/17,ID00234,MC,IMECA,10/11/17,10/11/18,CTPL,Premium,Commercial,Toyota,Van,2014,Silver,Manual,Diesel,848.75
4/25/19,ID00235,MC,HOCOC,5/2/19,5/1/20,Comprehensive,Basic,Private,Audi,Sedan,2017,Silver,Automatic,Gasoline,447.01
12/12/19,ID00236,MC,HOCOC,12/19/19,12/18/20,Comprehensive,Premium,Private,MG,Sedan,2019,White,Automatic,Gasoline,447.01
7/4/16,ID00237,MC,HOCOC,7/11/16,7/11/17,CTPL,Basic,Private,Chevrolet,Sedan,2015,Blue,Manual,Gasoline,447.01
6/29/20,ID00238,MC,IMECA,7/6/20,7/6/21,Comprehensive,Basic,Commercial,Mitsubishi,SUV,2018,White,Automatic,Diesel,957.88
8/22/20,ID00239,MC,IMECA,8/29/20,8/29/21,Comprehensive,Premium,Private,Kia,MPV,2017,Blue,Automatic,Diesel,199.55
4/15/14,ID00240,MC,BCDO,4/22/14,4/22/15,Comprehensive,Basic,Commercial,Nissan,Pickup,2012,White,Manual,Gasoline,1211.25
3/25/12,ID00241,MC,BTARLA,4/2/12,4/2/13,Comprehensive,Basic,Commercial,Toyota,Sedan,2011,Black,Automatic,Gasoline,447.01
4/29/16,ID00242,MC,BCDO,5/6/16,5/6/17,CTPL,Basic,Commercial,Honda,Sedan,2016,White,Automatic,Gasoline,447.01
8/8/13,ID00243,MC,BCDO,8/15/13,8/15/14,Comprehensive,Basic,Commercial,Nissan,Pickup,2011,Black,Manual,Diesel,1211.25
3/1/17,ID00244,MC,BGRN,3/8/17,3/8/18,CTPL,Basic,Commercial,Hyundai,SUV,2015,Silver,Automatic,Gasoline,957.88
8/30/19,ID00245,MC,BGRN,9/6/19,9/6/20,CTPL,Premium,Commercial,Ford,Pickup,2013,Blue,Manual,Diesel,1211.25
6/9/15,ID00246,MC,BGRN,6/16/15,6/16/16,Comprehensive,Premium,Commercial,Kia,Sedan,2015,Yellow,Automatic,Gasoline,447.01
9/2/14,ID00247,MC,IMECA,9/9/14,9/9/15,CTPL,Basic,Private,Toyota,Van,2013,Silver,Manual,Diesel,848.75
1/24/19,ID00248,MC,BTARLA,1/31/19,1/31/20,Comprehensive,Premium,Commercial,Mazda,Sedan,2019,White,Automatic,Gasoline,447.01
1/24/19,ID00249,MC,BTARLA,1/31/19,1/31/20,CTPL,Premium,Commercial,Audi,SUV,2018,Black,Automatic,Diesel,957.88
10/2/17,ID00250,MC,BTARLA,10/9/17,10/9/18,CTPL,Basic,Commercial,Honda,Sedan,2017,Black,Automatic,Gasoline,447.01
12/24/13,ID00251,MC,IMECA,12/31/13,12/31/14,Comprehensive,Premium,Private,Nissan,Van,2012,Silver,Manual,Diesel,848.75
10/3/16,ID00252,MC,BTARLA,10/10/16,10/10/17,Comprehensive,Basic,Commercial,Suzuki,Hatchback,2013,Red,Automatic,Gasoline,486.92
5/20/18,ID00253,MC,IMECA,5/27/18,5/27/19,Comprehensive,Premium,Commercial,Hyundai,Sedan,2019,Black,Automatic,Gasoline,447.01
2/3/18,ID00254,MC,IMECA,2/10/18,2/10/19,CTPL,Basic,Commercial,Honda,SUV,2017,Silver,Manual,Diesel,957.88
8/10/16,ID00255,MC,IMECA,8/17/16,8/17/17,Comprehensive,Premium,Commercial,Hyundai,Sedan,2016,Black,Automatic,Gasoline,447.01
12/23/20,ID00256,MC,IMECA,1/1/21,1/1/22,CTPL,Premium,Commercial,Mazda,Sedan,2019,White,Automatic,Gasoline,447.01
11/26/18,ID00257,MC,BGRN,12/3/18,12/3/19,CTPL,Premium,Private,Mitsubishi,MPV,2018,Red,Manual,Gasoline,199.55
5/5/18,ID00258,MC,BCDO,5/12/18,5/12/19,CTPL,Basic,Commercial,Kia,SUV,2015,White,Automatic,Diesel,957.88
5/11/20,ID00259,MC,BCDO,4/18/20,4/18/21,Comprehensive,Basic,Private,Honda,Hatchback,2017,Red,Manual,Gasoline,486.92
3/6/18,ID00260,MC,BGRN,3/13/18,3/13/19,CTPL,Basic,Commercial,Chevrolet,Sedan,2018,Blue,Automatic,Gasoline,447.01
4/5/18,ID00261,MC,BCDO,4/12/18,4/12/19,Comprehensive,Premium,Private,Toyota,Van,2015,Black,Manual,Diesel,848.75
4/1/19,ID00262,MC,IMECA,4/8/19,4/8/20,CTPL,Basic,Commercial,Nissan,Sedan,2019,Silver,Automatic,Gasoline,447.01
8/2/14,ID00263,MC,IMECA,8/9/14,8/9/15,Comprehensive,Premium,Commercial,Isuzu,SUV,2012,White,Manual,Diesel,957.88
9/20/16,ID00264,MC,IMECA,9/27/16,9/27/17,CTPL,Premium,Commercial,Honda,Sedan,2015,Blue,Automatic,Gasoline,447.01
7/4/18,ID00265,MC,IMECA,7/11/18,7/11/19,CTPL,Basic,Commercial,Kia,SUV,2016,Red,Automatic,Diesel,957.88
7/14/17,ID00266,MC,BTARLA,7/21/17,7/21/18,CTPL,Premium,Private,Toyota,MPV,2017,Black,Manual,Gasoline,199.55
9/10/17,ID00267,MC,HOCOC,9/17/17,9/17/18,CTPL,Premium,Commercial,Suzuki,MPV,2016,White,Automatic,Gasoline,199.55
4/4/18,ID00268,MC,HOCOC,4/11/18,4/11/19,Comprehensive,Basic,Commercial,Chevrolet,Sedan,2017,Red,Manual,Gasoline,447.01
2/26/17,ID00269,MC,HOCOC,3/5/17,3/5/18,CTPL,Basic,Commercial,Mazda,Hatchback,2017,Gray,Manual,Gasoline,486.92
5/24/12,ID00270,MC,HOCOC,5/31/12,5/31/13,CTPL,Premium,Commercial,Ford,SUV,2010,Gray,Automatic,Diesel,957.88
11/5/18,ID00271,MC,BTARLA,11/12/18,11/12/19,CTPL,Basic,Private,Isuzu,Pickup,2017,White,Automatic,Diesel,1211.25
4/1/20,ID00272,MC,HOCOC,4/8/20,4/8/21,Comprehensive,Premium,Commercial,MG,Sedan,2020,Black,Automatic,Gasoline,447.01
4/27/19,ID00273,MC,HOCOC,5/4/19,5/4/20,CTPL,Premium,Commercial,Audi,SUV,2017,Silver,Automatic,Diesel,957.88
7/13/12,ID00274,MC,IMECA,7/20/12,7/20/13,CTPL,Basic,Private,Hyundai,MPV,2010,Red,Manual,Gasoline,199.55
9/1/12,ID00275,MC,IMECA,9/8/12,9/8/13,Comprehensive,Premium,Private,Nissan,Van,2012,White,Manual,Diesel,848.75
5/16/15,ID00276,MC,IMECA,5/23/15,5/22/16,CTPL,Basic,Commercial,Mitsubishi,MPV,2015,Gray,Automatic,Gasoline,199.55
1/27/18,ID00277,MC,BTARLA,2/3/18,2/3/19,Comprehensive,Basic,Private,Kia,Hatchback,2016,Yellow,Automatic,Gasoline,486.92
9/19/19,ID00278,MC,IMECA,9/26/19,9/25/20,CTPL,Premium,Commercial,Mitsubishi,MPV,2017,Black,Manual,Diesel,199.55
9/20/17,ID00279,MC,IMECA,9/27/17,9/27/18,Comprehensive,Premium,Private,Suzuki,MPV,2017,Yellow,Manual,Diesel,199.55
4/8/18,ID00280,MC,IMECA,4/15/18,4/15/19,CTPL,Premium,Commercial,Audi,Sedan,2018,Black,Automatic,Gasoline,447.01
8/4/18,ID00281,MC,IMECA,8/11/18,8/11/19,Comprehensive,Basic,Private,Mitsubishi,MPV,2016,Gray,Manual,Diesel,199.55
4/16/19,ID00282,MC,IMECA,4/23/19,4/23/20,CTPL,Premium,Commercial,Ford,SUV,2018,Blue,Automatic,Diesel,957.88
6/2/20,ID00283,MC,IMECA,6/9/20,6/9/21,CTPL,Basic,Commercial,Ford,SUV,2018,Blue,Automatic,Diesel,957.88
10/8/17,ID00284,MC,IMECA,10/15/17,10/15/18,Comprehensive,Premium,Commercial,Mazda,Hatchback,2017,Silver,Automatic,Gasoline,486.92
3/5/19,ID00285,MC,IMECA,3/12/19,3/11/20,Comprehensive,Basic,Private,Chevrolet,Sedan,2018,Red,Manual,Gasoline,447.01
6/12/19,ID00286,MC,IMECA,6/19/19,6/19/20,CTPL,Basic,Commercial,MG,Sedan,2019,White,Automatic,Gasoline,447.01
1/25/15,ID00287,MC,IMECA,2/1/15,2/1/16,CTPL,Premium,Private,Nissan,Van,2014,Silver,Manual,Diesel,848.75
10/16/12,ID00288,MC,IMECA,10/23/12,10/23/13,Comprehensive,Premium,Commercial,Ford,Hatchback,2011,Black,Automatic,Gasoline,486.92
4/12/18,ID00289,MC,IMECA,4/19/18,4/19/19,CTPL,Basic,Commercial,MG,Sedan,2018,Gray,Manual,Gasoline,447.01
12/20/12,ID00290,MC,IMECA,12/28/12,12/28/13,CTPL,Premium,Commercial,Suzuki,MPV,2012,Silver,Automatic,Diesel,199.55
8/7/12,ID00291,MC,IMECA,8/15/12,8/15/13,CTPL,Premium,Commercial,Ford,Pickup,2012,Silver,Automatic,Diesel,1211.25
9/10/13,ID00292,MC,IMECA,9/17/13,9/17/14,Comprehensive,Premium,Commercial,Kia,Hatchback,2013,White,Manual,Gasoline,486.92
7/5/13,ID00293,MC,IMECA,7/12/13,7/12/14,CTPL,Basic,Private,Isuzu,Pickup,2011,Black,Automatic,Diesel,1211.25
6/11/17,ID00294,MC,IMECA,6/18/17,6/18/18,CTPL,Premium,Commercial,Toyota,SUV,2017,Silver,Automatic,Diesel,957.88
8/9/19,ID00295,MC,IMECA,8/16/19,8/15/20,CTPL,Premium,Commercial,MG,Sedan,2019,Red,Manual,Gasoline,447.01
3/8/13,ID00296,MC,IMECA,3/15/13,3/15/14,Comprehensive,Premium,Commercial,Toyota,Sedan,2012,Black,Automatic,Gasoline,447.01
5/9/19,ID00297,MC,BTARLA,5/16/19,5/16/20,Comprehensive,Basic,Private,Kia,MPV,2017,Blue,Automatic,Gasoline,199.55
3/13/20,ID00298,MC,BGRN,3/20/20,3/20/21,CTPL,Premium,Commercial,Audi,Sedan,2020,Silver,Automatic,Gasoline,447.01
5/19/20,ID00299,MC,BGRN,5/26/20,5/26/21,CTPL,Basic,Private,Isuzu,Pickup,2019,Black,Manual,Diesel,1211.25
8/17/17,ID00300,MC,BTARLA,8/24/17,8/24/18,CTPL,Premium,Commercial,Mitsubishi,MPV,2017,Silver,Automatic,Gasoline,199.55
7/11/20,ID00301,MC,BCDO,7/18/20,7/18/21,Comprehensive,Premium,Private,Nissan,Van,2017,White,Manual,Diesel,848.75
4/30/18,ID00302,MC,HOCOC,5/7/18,5/7/19,CTPL,Basic,Commercial,Audi,MPV,2018,Black,Automatic,Gasoline,199.55
3/15/20,ID00303,MC,IMECA,3/22/20,3/22/21,Comprehensive,Basic,Commercial,Chevrolet,Sedan,2020,Blue,Manual,Gasoline,447.01
12/13/16,ID00304,MC,IMECA,12/20/16,12/20/17,CTPL,Basic,Commercial,Suzuki,Hatchback,2014,Yellow,Automatic,Gasoline,486.92
9/19/17,ID00305,MC,IMECA,9/26/17,9/26/18,Comprehensive,Premium,Commercial,MG,Sedan,2017,Red,Automatic,Gasoline,447.01
10/30/20,ID00306,MC,IMECA,11/6/20,11/6/21,CTPL,Basic,Commercial,Nissan,Sedan,2016,Black,Manual,Gasoline,447.01
2/9/12,ID00307,MC,IMECA,2/16/12,2/15/13,CTPL,Premium,Commercial,Mazda,Hatchback,2010,White,Automatic,Gasoline,486.92
7/29/17,ID00308,MC,BTARLA,8/5/17,8/5/18,Comprehensive,Premium,Private,Toyota,Van,2014,Silver,Manual,Diesel,848.75
2/17/19,ID00309,MC,BGRN,2/24/19,2/24/20,CTPL,Basic,Commercial,Audi,Sedan,2017,Silver,Automatic,Gasoline,447.01
4/28/16,ID00310,MC,BGRN,5/5/16,5/5/17,Comprehensive,Basic,Commercial,Chevrolet,Sedan,2015,Blue,Manual,Gasoline,447.01
4/23/20,ID00311,MC,HOCOC,4/30/20,4/30/21,CTPL,Basic,Private,Mitsubishi,SUV,2018,White,Automatic,Diesel,957.88
6/16/20,ID00312,MC,BGRN,6/23/20,6/23/21,CTPL,Premium,Commercial,Kia,MPV,2017,Blue,Automatic,Diesel,199.55
2/7/14,ID00313,MC,IMECA,2/14/14,2/14/15,CTPL,Basic,Private,Nissan,Pickup,2012,White,Manual,Gasoline,1211.25
5/12/12,ID00314,MC,IMECA,5/19/12,6/19/13,CTPL,Premium,Private,Toyota,MPV,2012,Black,Automatic,Gasoline,199.55
12/8/12,ID00315,MC,BCDO,12/15/12,1/15/14,Comprehensive,Basic,Private,Honda,Sedan,2011,White,Automatic,Gasoline,447.01
6/22/12,ID00316,MC,IMECA,6/29/12,6/29/13,CTPL,Premium,Private,Toyota,MPV,2012,Black,Automatic,Gasoline,199.55
11/6/12,ID00317,MC,IMECA,11/13/12,11/13/13,Comprehensive,Basic,Private,Nissan,Sedan,2010,White,Manual,Gasoline,447.01
2/4/18,ID00318,MC,BTARLA,2/11/18,2/11/19,Comprehensive,Basic,Private,Mazda,MPV,2017,Red,Automatic,Gasoline,199.55
7/18/12,ID00319,MC,BTARLA,7/25/12,7/25/13,CTPL,Premium,Commercial,Nissan,Van,2012,Black,Automatic,Diesel,848.75
1/9/13,ID00320,MC,HOCOC,1/16/13,1/16/14,Comprehensive,Premium,Private,Kia,Hatchback,2012,White,Manual,Gasoline,486.92
7/18/12,ID00321,MC,HOCOC,7/25/12,7/25/13,Comprehensive,Premium,Private,Hyundai,Sedan,2012,Blue,Automatic,Gasoline,447.01
2/7/13,ID00322,MC,BTARLA,2/14/13,2/14/14,Comprehensive,Basic,Private,Suzuki,Hatchback,2012,Yellow,Manual,Gasoline,486.92
12/13/14,ID00323,MC,IMECA,12/20/14,12/20/15,CTPL,Premium,Commercial,Mitsubishi,SUV,2014,Black,Automatic,Diesel,957.88
12/8/12,ID00324,MC,IMECA,12/15/12,12/15/13,Comprehensive,Premium,Private,Mazda,Sedan,2012,White,Automatic,Gasoline,447.01
7/4/13,ID00325,MC,IMECA,7/11/13,7/11/14,CTPL,Premium,Commercial,Isuzu,Pickup,2013,Black,Automatic,Diesel,1211.25
11/1/12,ID00326,MC,BGRN,11/8/12,12/9/13,Comprehensive,Basic,Private,Suzuki,Sedan,2012,Yellow,Automatic,Gasoline,447.01
7/19/18,ID00327,MC,BGRN,7/26/18,7/26/19,CTPL,Premium,Commercial,Toyota,Van,2018,Black,Automatic,Diesel,848.75
8/6/12,ID00328,MC,IMECA,8/13/12,9/13/13,CTPL,Basic,Private,Hyundai,MPV,2012,Black,Automatic,Gasoline,199.55
3/4/13,ID00329,MC,HOCOC,3/11/13,4/11/14,Comprehensive,Premium,Private,Honda,Sedan,2011,White,Automatic,Gasoline,447.01
9/16/12,ID00330,MC,BTARLA,9/23/12,9/23/13,CTPL,Basic,Private,Toyota,MPV,2012,Black,Automatic,Gasoline,199.55
1/31/13,ID00331,MC,BTARLA,2/7/13,2/7/14,Comprehensive,Premium,Private,Nissan,Sedan,2010,White,Manual,Gasoline,447.01
10/12/12,ID00332,MC,HOCOC,10/19/12,10/19/13,CTPL,Basic,Commercial,Nissan,Van,2012,Black,Automatic,Diesel,848.75
4/5/13,ID00333,MC,BTARLA,4/12/13,4/12/14,Comprehensive,Basic,Private,Kia,Hatchback,2012,White,Manual,Gasoline,486.92
10/12/12,ID00334,MC,BTARLA,10/19/12,10/19/13,Comprehensive,Basic,Private,Hyundai,Sedan,2012,Blue,Automatic,Gasoline,447.01
5/4/13,ID00335,MC,BCDO,5/11/13,5/11/14,Comprehensive,Premium,Private,Suzuki,Hatchback,2012,Yellow,Manual,Gasoline,486.92
3/9/15,ID00336,MC,IMECA,3/16/15,3/15/16,CTPL,Basic,Commercial,Mitsubishi,SUV,2014,Black,Automatic,Diesel,957.88
3/4/13,ID00337,MC,IMECA,3/11/13,3/11/14,Comprehensive,Basic,Private,Mazda,Sedan,2012,White,Automatic,Gasoline,447.01
9/28/13,ID00338,MC,IMECA,10/5/13,10/5/14,CTPL,Basic,Commercial,Isuzu,Pickup,2013,Black,Automatic,Diesel,1211.25
1/26/13,ID00339,MC,IMECA,2/2/13,3/5/14,Comprehensive,Premium,Private,Suzuki,Sedan,2012,Yellow,Automatic,Gasoline,447.01
10/13/18,ID00340,MC,IMECA,10/20/18,10/20/19,CTPL,Basic,Commercial,Nissan,Van,2018,Black,Automatic,Diesel,848.75
9/21/12,ID00341,MC,IMECA,9/28/12,10/29/13,CTPL,Basic,Private,Toyota,MPV,2012,Black,Automatic,Gasoline,199.55
4/19/13,ID00342,MC,IMECA,4/26/13,5/27/14,Comprehensive,Premium,Private,Honda,Sedan,2011,White,Automatic,Gasoline,447.01
11/1/12,ID00343,MC,IMECA,11/8/12,11/8/13,CTPL,Basic,Private,Toyota,MPV,2012,Black,Automatic,Gasoline,199.55
3/18/13,ID00344,MC,IMECA,3/25/13,3/25/14,Comprehensive,Premium,Private,Nissan,Sedan,2010,White,Manual,Gasoline,447.01
11/27/12,ID00345,MC,IMECA,12/4/12,12/4/13,CTPL,Basic,Commercial,Nissan,Van,2012,Black,Automatic,Diesel,848.75
5/21/13,ID00346,MC,IMECA,5/28/13,5/28/14,Comprehensive,Basic,Private,Kia,Hatchback,2012,White,Manual,Gasoline,486.92
11/27/12,ID00347,MC,IMECA,12/4/12,12/4/13,Comprehensive,Basic,Private,Hyundai,Sedan,2012,Blue,Automatic,Gasoline,447.01
6/19/13,ID00348,MC,IMECA,6/26/13,6/26/14,Comprehensive,Premium,Private,Suzuki,Hatchback,2012,Yellow,Manual,Gasoline,486.92
4/24/15,ID00349,MC,IMECA,5/1/15,4/30/16,CTPL,Basic,Commercial,Mitsubishi,SUV,2014,Black,Automatic,Diesel,957.88
4/19/13,ID00350,MC,IMECA,4/26/13,4/26/14,Comprehensive,Basic,Private,Mazda,Sedan,2012,White,Automatic,Gasoline,447.01
11/13/13,ID00351,MC,BCDO,11/20/13,11/20/14,CTPL,Basic,Commercial,Isuzu,Pickup,2013,Black,Automatic,Diesel,1211.25
3/13/13,ID00352,MC,BGRN,3/20/13,4/20/14,Comprehensive,Premium,Private,Suzuki,Sedan,2012,Yellow,Automatic,Gasoline,447.01
11/28/18,ID00353,MC,BGRN,12/5/18,12/5/19,CTPL,Basic,Commercial,Toyota,Van,2018,Black,Automatic,Diesel,848.75
4/9/12,ID00354,MC,IMECA,4/16/12,4/16/13,Comprehensive,Basic,Private,Toyota,MPV,2012,Black,Automatic,Gasoline,199.55
11/5/12,ID00355,MC,BTARLA,11/12/12,12/13/13,CTPL,Premium,Private,Honda,Sedan,2011,White,Automatic,Gasoline,447.01
5/20/12,ID00356,MC,IMECA,5/27/12,5/27/13,Comprehensive,Basic,Private,Toyota,MPV,2012,Black,Automatic,Gasoline,199.55
5/14/17,ID00357,MC,IMECA,5/21/17,5/21/18,Comprehensive,Basic,Private,Mitsubishi,SUV,2017,Silver,Automatic,Diesel,957.88
10/4/12,ID00358,MC,IMECA,10/11/12,10/11/13,CTPL,Premium,Private,Nissan,Sedan,2010,White,Manual,Gasoline,447.01
6/15/12,ID00359,MC,HOCOC,6/22/12,6/22/13,Comprehensive,Basic,Commercial,Nissan,Van,2012,Black,Automatic,Diesel,848.75
12/7/12,ID00360,MC,IMECA,12/14/12,12/14/13,CTPL,Basic,Private,Kia,Hatchback,2012,White,Manual,Gasoline,486.92
6/15/12,ID00361,MC,IMECA,6/22/12,6/22/13,CTPL,Basic,Private,Hyundai,Sedan,2012,Blue,Automatic,Gasoline,447.01
12/6/19,ID00362,MC,BTARLA,12/13/19,12/13/20,CTPL,Basic,Commercial,Mitsubishi,SUV,2018,Silver,Automatic,Diesel,957.88
1/5/13,ID00363,MC,BGRN,1/12/13,1/12/14,CTPL,Premium,Private,Suzuki,Hatchback,2012,Yellow,Manual,Gasoline,486.92
11/10/14,ID00364,MC,BTARLA,11/17/14,11/17/15,Comprehensive,Basic,Commercial,Mitsubishi,SUV,2014,Black,Automatic,Diesel,957.88
11/5/12,ID00365,MC,IMECA,11/12/12,11/12/13,CTPL,Basic,Private,Mazda,Sedan,2012,White,Automatic,Gasoline,447.01
6/1/13,ID00366,MC,IMECA,6/8/13,6/8/14,Comprehensive,Basic,Commercial,Isuzu,Pickup,2013,Black,Automatic,Diesel,1211.25
9/29/12,ID00367,MC,HOCOC,10/6/12,11/6/13,CTPL,Premium,Private,Suzuki,Sedan,2012,Yellow,Automatic,Gasoline,447.01
8/12/20,ID00368,MC,HOCOC,8/19/20,8/19/21,CTPL,Premium,Private,Honda,SUV,2020,Silver,Automatic,Diesel,957.88
6/16/18,ID00369,MC,HOCOC,6/23/18,6/23/19,Comprehensive,Basic,Commercial,Toyota,Van,2018,Black,Manual,Diesel,848.75